<?xml version = "1.0" encoding = "UTF-8"?>
<configuration>
    <appender name="STDOUT" class="ch.qos.logback.core.ConsoleAppender">
        <encoder>
            <pattern>[%d{yyyy-MM-dd'T'HH:mm:ss.sss'Z'}] [%C] [%t] [%L] [%-5p] %m%n</pattern>
        </encoder>
    </appender>

    <appender name="Console"
              class="ch.qos.logback.core.ConsoleAppender">
        <layout class="ch.qos.logback.classic.PatternLayout">
            <Pattern>
                %gray(%d{ISO8601}) %highlight(%-5level) [%blue(%t)] %yellow(%C{1.}): %msg%n%throwable
            </Pattern>
        </layout>
    </appender>

    <appender name="FILE" class="ch.qos.logback.core.FileAppender">
        <File>/var/tmp/ProductsService.log</File>
        <encoder>
            <pattern>[%d{yyyy-MM-dd'T'HH:mm:ss.sss'Z'}] [%C] [%t] [%L] [%-5p] %m%n</pattern>
        </encoder>
    </appender>

    <root level="INFO">
        <appender-ref ref="FILE"/>
        <appender-ref ref="STDOUT"/>
    </root>

    <logger name="com.netmind" level="trace" additivity="false">
        <appender-ref ref="FILE" />
        <appender-ref ref="Console" />
    </logger>
</configuration>